sel1,sel0,mean(delay0) [ns],mean(delay1) [ns],mean(CSC),var(CSC)
0,0,1.1203852327447832,0.5715288337817288,0.22402597402597402,1.3037084668578174
0,1,1.1202786945361203,0.5715087456739314,0.3146853146853147,1.9778962296444813
0,2,1.1203814064362336,0.5714152112412616,0.358974358974359,2.2860558245173626
0,3,1.1202273456478893,0.5714619883040936,0.29836829836829837,1.822398269950718
0,4,1.1205868867491977,0.5715288337817288,0.32867132867132864,2.0155182812525476
0,5,1.1204841371721987,0.5714085231791177,0.1958041958041958,1.1411478963926518
0,6,1.1203814064362336,0.5714085231791177,0.2634032634032634,1.5926233828331728
0,7,1.120124661991842,0.5714753561486818,0.19347319347319347,1.1630343238734844
0,8,1.1201778718874502,0.5713751344274559,0.3395348837209302,2.126576527852894
0,9,1.1202273456478893,0.5714218885224429,0.1958041958041958,1.2343879896327452
0,10,1.1203300481320193,0.5714152112412616,0.2261072261072261,1.349807923234497
0,11,1.1200219971587002,0.5714419322406415,0.28438228438228436,1.7699425671453637
0,12,1.1202311078503302,0.5713617767387492,0.23543123543123542,1.45273064154183
0,13,1.1202786945361203,0.5713884927407477,0.2634032634032634,1.5646513548611451
0,14,1.1203814064362336,0.5714218885224429,0.22377622377622378,1.348525600273852
0,15,1.1202311078503302,0.5714285714285714,0.16783216783216784,1.0207834123918043
0,16,1.1205868867491977,0.5715889424201319,0.3186046511627907,1.9752352623039477
0,17,1.1203852327447832,0.5715422047538836,0.2937062937062937,1.8018485011491998
0,18,1.1204366171344706,0.5715154634351752,0.23776223776223776,1.4819306567558315
0,19,1.120333853067963,0.5715288337817288,0.18414918414918416,1.0313571432452553
0,20,1.1203852327447832,0.5715221102354839,0.31934731934731936,1.9096723012806922
0,21,1.120176001466679,0.5714820184258523,0.38694638694638694,2.391065034421679
0,22,1.1202786945361203,0.5714552936775159,0.2517482517482518,1.5590004401193212
0,23,1.1200219971587002,0.5714018516786683,0.2494172494172494,1.417977515879614
0,24,1.1202549011932252,0.5714018516786683,0.27674418604651163,1.7629475392103835
0,25,1.120128381476387,0.5714419322406415,0.2564102564102564,1.561293407447253
0,26,1.1203300481320193,0.5713817943680419,0.1958041958041958,1.136485891730647
0,27,1.1202273456478893,0.5714218885224429,0.31002331002331,1.878244521601165
0,28,1.1205868867491977,0.5714820184258523,0.1864801864801865,1.1307263055514805
0,29,1.1203300481320193,0.5714552936775159,0.289044289044289,1.771931254448737
0,30,1.120432769449411,0.5714018516786683,0.16783216783216784,0.9228813144897063
0,31,1.1202824781033613,0.5714018516786683,0.1864801864801865,1.1307263055514805
1,0,1.1206382686047045,0.5714686557392382,0.2813953488372093,1.6673282855597622
1,1,1.1204841371721987,0.5714486210848869,0.3146853146853147,1.9778962296444813
1,2,1.1206382686047045,0.5715221102354839,0.2634032634032634,1.5926233828331728
1,3,1.1202311078503302,0.5715087456739314,0.22377622377622378,1.348525600273852
1,4,1.1204366171344706,0.5714953817374021,0.24475524475524477,1.4575773876473177
1,5,1.1203300481320193,0.5714552936775159,0.2331002331002331,1.451491787156123
1,6,1.1204880062376739,0.5714419322406415,0.3006993006993007,1.8746148955939173
1,7,1.120124661991842,0.5714285714285714,0.3116279069767442,1.8749810708491073
1,8,1.1204841371721987,0.5714552936775159,0.24475524475524477,1.4855494156193456
1,9,1.1202273456478893,0.5715221102354839,0.29836829836829837,1.8736803212327688
1,10,1.120333853067963,0.571435254491018,0.27972027972027974,1.6979803413369852
1,11,1.120124661991842,0.571435254491018,0.14219114219114218,0.8352595345602338
1,12,1.1203300481320193,0.5713684309002034,0.24242424242424243,1.503002048456595
1,13,1.1200219971587002,0.5712816437203432,0.23543123543123542,1.4807026695138579
1,14,1.1201797423082214,0.5713217074197017,0.2540792540792541,1.5601523573551532
1,15,1.120077025354179,0.5713250258333307,0.3325581395348837,2.077777176852352
1,16,1.120333853067963,0.5713083522288973,0.25874125874125875,1.5624235903956185
1,17,1.1201797423082214,0.5712415856394913,0.27972027972027974,1.6700083133649566
1,18,1.120333853067963,0.5712348305936821,0.3006993006993007,1.7767127976918193
1,19,1.120077025354179,0.5713149832791562,0.23076923076923078,1.4502420656266815
1,20,1.1204841371721987,0.5713016229362518,0.4358974358974359,2.5722311876158033
1,21,1.1203814064362336,0.5712882632182027,0.30536130536130535,1.9044234708570378
1,22,1.120432769449411,0.5712549377089031,0.2331002331002331,1.4514917871561228
1,23,1.1200219971587002,0.5711881836028794,0.26744186046511625,1.6889399675500276
1,24,1.1203300481320193,0.5713083522288973,0.31934731934731936,1.979602371210762
1,25,1.120077025354179,0.5712949976624591,0.20745920745920746,1.2273569476366681
1,26,1.1201797423082214,0.5711881836028794,0.28205128205128205,1.7689319227780764
1,27,1.12002567394095,0.5712481878127484,0.36363636363636365,2.2174189446916728
1,28,1.1202786945361203,0.5712816437203432,0.10722610722610723,0.5852391586657318
1,29,1.120176001466679,0.5712549377089031,0.28205128205128205,1.6990018528480069
1,30,1.1202273456478893,0.5712148833730659,0.1561771561771562,0.9150026352823556
1,31,1.1201521914715329,0.571228234194227,0.29767441860465116,1.8695294753921037
2,0,1.1205394000550408,0.5713083522288973,0.2517482517482518,1.5590004401193214
2,1,1.1202786945361203,0.5713217074197017,0.24708624708624707,1.4634239109763583
2,2,1.1203300481320193,0.5712148833730659,0.27505827505827507,1.6679326889117096
2,3,1.120077025354179,0.5711881836028794,0.14918414918414918,0.8588629707510826
2,4,1.1203852327447832,0.5713016229362518,0.34265734265734266,2.183285246222309
2,5,1.1201797423082214,0.5713684309002034,0.34965034965034963,2.143478898723653
2,6,1.1203576297520983,0.5713417058397062,0.2627906976744186,1.561173607355328
2,7,1.1199193511432892,0.5712816437203432,0.2680652680652681,1.5668356507517347
2,8,1.1202311078503302,0.5713283442469598,0.2097902097902098,1.242701354589467
2,9,1.1203300481320193,0.5713350632349159,0.22377622377622378,1.348525600273852
2,10,1.1203300481320193,0.5713751344274559,0.27972027972027974,1.6700083133649568
2,11,1.120124661991842,0.5713283442469598,0.3356643356643357,2.0132035796371452
2,12,1.120333853067963,0.5713951584609988,0.3682983682983683,2.288598736151184
2,13,1.120077025354179,0.5714218885224429,0.17715617715617715,0.9849327052124256
2,14,1.120077025354179,0.5713550680574395,0.23953488372093024,1.4519253650621957
2,15,1.12002567394095,0.5714285714285714,0.18414918414918416,1.0313571432452553
2,16,1.120432769449411,0.5715087456739314,0.19347319347319347,1.1630343238734842
2,17,1.1204366171344706,0.5715689485751719,0.3356643356643357,2.0411756076091736
2,18,1.1205355096052452,0.5714953817374021,0.20512820512820512,1.2399737015121632
2,19,1.1203814064362336,0.5714753561486818,0.21212121212121213,1.1741188104824467
2,20,1.1206422018348623,0.5714887246186956,0.331002331002331,1.9883395547731202
2,21,1.1202786945361203,0.571435254491018,0.22144522144522144,1.2773023402394028
2,22,1.120176001466679,0.5713684309002034,0.2186046511627907,1.3429096809085994
2,23,1.12002567394095,0.5713217074197017,0.21678321678321677,1.246711330627415
2,24,1.1202824781033613,0.5713350632349159,0.1048951048951049,0.5834026113746393
2,25,1.1202311078503302,0.5713951584609988,0.23543123543123542,1.38280057161176
2,26,1.1203852327447832,0.5713417058397062,0.2937062937062937,1.773876473177172
2,27,1.120124661991842,0.5714285714285714,0.1958041958041958,1.234387989632745
2,28,1.1203852327447832,0.5714285714285714,0.24242424242424243,1.4144239598785058
2,29,1.1202824781033613,0.5714953817374021,0.3473193473193473,2.1847305763389677
2,30,1.1203300481320193,0.5714319129597947,0.2116279069767442,1.19939967550027
2,31,1.120128381476387,0.5714419322406415,0.22377622377622378,1.3764976282458798
3,0,1.1204841371721987,0.5714953817374021,0.2867132867132867,1.6777022511288242
3,1,1.1203300481320193,0.5714552936775159,0.2937062937062937,1.8018485011491998
3,2,1.1206382686047045,0.5715622076707203,0.21212121212121213,1.244048880412517
3,3,1.1204366171344706,0.5715488412338345,0.1655011655011655,1.0238914154998076
3,4,1.1206936097986147,0.5715755747328048,0.32400932400932403,1.9812650442021076
3,5,1.1203852327447832,0.5715087456739314,0.30930232558139537,1.8740995132504057
3,6,1.1205868867491977,0.5715087456739314,0.2261072261072261,1.3544699278965013
3,7,1.120128381476387,0.5714419322406415,0.289044289044289,1.7299732124906948
3,8,1.1205394000550408,0.5714887246186956,0.21678321678321677,1.3446134285295124
3,9,1.1203852327447832,0.5714953817374021,0.17249417249417248,1.023858814068605
3,10,1.1204841371721987,0.5715020937141788,0.3986013986013986,2.49146657538266
3,11,1.1200733272227315,0.5714820184258523,0.2680652680652681,1.5714976554137394
3,12,1.1202311078503302,0.5714686557392382,0.2540792540792541,1.6580544552572516
3,13,1.1202273456478893,0.5715655781229461,0.08604651162790698,0.47399134667387793
3,14,1.1203300481320193,0.5715555763516833,0.1561771561771562,0.9150026352823555
3,15,1.1202273456478893,0.5715154634351752,0.1958041958041958,1.234387989632745
3,16,1.1203852327447832,0.5714753561486818,0.3613053613053613,2.1934677599013264
3,17,1.1200733272227315,0.5714419322406415,0.26107226107226106,1.5682049108622533
3,18,1.1202311078503302,0.5714486210848869,0.2564102564102564,1.561293407447253
3,19,1.120176001466679,0.5714686557392382,0.20046620046620048,1.1439624866198295
3,20,1.1203814064362336,0.5713951584609988,0.1585081585081585,0.9166001054112938
3,21,1.120124661991842,0.5714419322406415,0.13488372093023257,0.7306435911303408
3,22,1.120128381476387,0.5714686557392382,0.2097902097902098,1.242701354589467
3,23,1.1198203153648698,0.5714218885224429,0.22144522144522144,1.3518944148314773
3,24,1.12002567394095,0.5713884927407477,0.19813519813519814,1.2358007183182012
3,25,1.1199706717991018,0.5713751344274559,0.24708624708624707,1.4168038643563121
3,26,1.1200733272227315,0.5713617767387492,0.2913752913752914,1.7775713020468262
3,27,1.1199229852388375,0.571435254491018,0.29603729603729606,1.7748327818257885
3,28,1.120176001466679,0.5714085231791177,0.2494172494172494,1.4599355578376558
3,29,1.1199724995175768,0.5714018516786683,0.32790697674418606,2.0064305029745797
3,30,1.12002567394095,0.5713550680574395,0.2097902097902098,1.2427013545894672
3,31,1.1199706717991018,0.5714218885224429,0.18414918414918416,1.0639911758792882
4,0,1.120432769449411,0.5715221102354839,0.20279720279720279,1.2432555789199147
4,1,1.1202824781033613,0.5714486210848869,0.3088235294117647,1.978157439446367
4,2,1.120333853067963,0.5714820184258523,0.27972027972027974,1.6700083133649568
4,3,1.120128381476387,0.5714419322406415,0.20279720279720279,1.2385935742579102
4,4,1.1202824781033613,0.5714218885224429,0.20046620046620048,1.2372025798599227
4,5,1.120077025354179,0.5713751344274559,0.2400932400932401,1.459837753544047
4,6,1.1201797423082214,0.5713651038194762,0.20465116279069767,1.3348620876149273
4,7,1.1199193511432892,0.571435254491018,0.20512820512820512,1.2399737015121632
4,8,1.120077025354179,0.5714085231791177,0.2680652680652681,1.5948076787237624
4,9,1.120077025354179,0.5713217074197017,0.24475524475524477,1.4575773876473175
4,10,1.120128381476387,0.5713283442469598,0.24242424242424243,1.4563820018365476
4,11,1.120077025354179,0.5713751344274559,0.38927738927738925,2.2470645127987785
4,12,1.1202273456478893,0.5713350632349159,0.21212121212121213,1.2207388571024935
4,13,1.1202311078503302,0.571274904124965,0.24651162790697675,1.5531855056787451
4,14,1.1202786945361203,0.571274904124965,0.26107226107226106,1.6614450041023465
4,15,1.1199743272360518,0.5712682904025057,0.2261072261072261,1.3777799512065247
4,16,1.1202824781033613,0.5712882632182027,0.3076923076923077,1.9752555137170522
4,17,1.1202273456478893,0.5713149832791562,0.28205128205128205,1.7689319227780764
4,18,1.120432769449411,0.5713484196745839,0.2867132867132867,1.770942344368918
4,19,1.120128381476387,0.5713350632349159,0.1585081585081585,0.9166001054112938
4,20,1.1203300481320193,0.5713684309002034,0.20279720279720279,1.2385935742579102
4,21,1.1201797423082214,0.5713684309002034,0.17674418604651163,1.0245754461871284
4,22,1.1205394000550408,0.5714953817374021,0.2913752913752914,1.772909297384822
4,23,1.1202786945361203,0.5715087456739314,0.34265734265734266,1.9874810504181128
4,24,1.1205868867491977,0.5715354754221037,0.29836829836829837,1.873680321232769
4,25,1.1205355096052452,0.5715154634351752,0.24475524475524477,1.4575773876473177
4,26,1.1206422018348623,0.5714887246186956,0.26573426573426573,1.6636510342804045
4,27,1.1202786945361203,0.5714619883040936,0.2097902097902098,1.172771284659397
4,28,1.1205355096052452,0.5714686557392382,0.1958041958041958,1.136485891730647
4,29,1.1202311078503302,0.5713817943680419,0.31627906976744186,1.9743861546782042
4,30,1.1204841371721987,0.5713550680574395,0.2191142191142191,1.3505903575833647
4,31,1.1201797423082214,0.5713149832791562,0.23076923076923078,1.3523399677245838
5,0,1.1203852327447832,0.5714619883040936,0.17016317016317017,1.0223265468020712
5,1,1.1203300481320193,0.5715020937141788,0.40093240093240096,2.4919338625632337
5,2,1.1203852327447832,0.5714085231791177,0.2703962703962704,1.6658135958835258
5,3,1.1203300481320193,0.5713617767387492,0.289044289044289,1.674029156546639
5,4,1.1205355096052452,0.5715488412338345,0.1258741258741259,0.6974424177221382
5,5,1.1202273456478893,0.5714753561486818,0.2534883720930233,1.5566738777717688
5,6,1.1202311078503302,0.5714419322406415,0.32400932400932403,1.9812650442021076
5,7,1.1197689874868222,0.5713751344274559,0.20046620046620048,1.1393004819578247
5,8,1.120077025354179,0.5714753561486818,0.2867132867132867,1.868844442271016
5,9,1.1200733272227315,0.5714619883040936,0.2727272727272727,1.6668785759694849
5,10,1.120128381476387,0.5714619883040936,0.3123543123543124,1.911758792877674
5,11,1.1197141155449672,0.5713951584609988,0.337995337995338,2.0186262843605505
5,12,1.1198203153648698,0.5714285714285714,0.27972027972027974,1.7679104112670543
5,13,1.1197176643138693,0.5715154634351752,0.2651162790697674,1.562271498107085
5,14,1.1199743272360518,0.5715755747328048,0.1561771561771562,0.9150026352823556
5,15,1.1197654173921012,0.5715154634351752,0.1794871794871795,1.1262925109078952
5,16,1.1200733272227315,0.5715154634351752,0.2400932400932401,1.3852456789519727
5,17,1.120176001466679,0.5715087456739314,0.23543123543123542,1.38280057161176
5,18,1.12002567394095,0.5714552936775159,0.32867132867132864,2.029504295238561
5,19,1.1197689874868222,0.5713484196745839,0.21678321678321677,1.3725854565015407
5,20,1.1199193511432892,0.5713918256008732,0.21627906976744185,1.2439210383991355
5,21,1.1199706717991018,0.5714820184258523,0.15151515151515152,0.8138729956911775
5,22,1.1200219971587002,0.5714619883040936,0.26107226107226106,1.4703028129601554
5,23,1.1198680351906158,0.5714753561486818,0.23776223776223776,1.4539586287838033
5,24,1.120124661991842,0.5715087456739314,0.29836829836829837,1.822398269950718
5,25,1.1199743272360518,0.5714486210848869,0.34032634032634035,2.1126162105183077
5,26,1.1203300481320193,0.5714887246186956,0.25874125874125875,1.5624235903956185
5,27,1.120128381476387,0.5715422047538836,0.23543123543123542,1.45273064154183
5,28,1.1203814064362336,0.5715287928287938,0.3325581395348837,2.0777771768523525
5,29,1.1202786945361203,0.5715087456739314,0.30536130536130535,1.8764514428850094
5,30,1.1203852327447832,0.5714686557392382,0.2097902097902098,1.2753353872234996
5,31,1.1202273456478893,0.5714953817374021,0.35664335664335667,2.122222765579409
6,0,1.1205394000550408,0.5716358190794861,0.27972027972027974,1.6700083133649568
6,1,1.1203852327447832,0.5716557902369425,0.2261072261072261,1.4477100211365945
6,2,1.1205394000550408,0.5715555763516833,0.23776223776223776,1.5518607266859015
6,3,1.1202824781033613,0.5716156796706895,0.20745920745920746,1.3392450595247802
6,4,1.1204366171344706,0.5716290492340077,0.2744186046511628,1.6921362898864252
6,5,1.1203300481320193,0.5716290492340077,0.23776223776223776,1.4819306567558312
6,6,1.1205907985872208,0.5715755747328048,0.1794871794871795,1.1262925109078952
6,7,1.1202311078503302,0.5715755747328048,0.21445221445221446,1.3432876369939308
6,8,1.1204841371721987,0.5715154634351752,0.21212121212121213,1.3419509783146142
6,9,1.1203852327447832,0.5714285714285714,0.2634032634032634,1.5693133595231497
6,10,1.1205394000550408,0.5714953817374021,0.22843822843822845,1.379051407023435
6,11,1.120333853067963,0.5715422047538836,0.21445221445221446,1.3432876369939308
6,12,1.1205868867491977,0.5714820184258523,0.1883720930232558,1.1296322336398052
6,13,1.120333853067963,0.5714820184258523,0.2494172494172494,1.5578376557397542
6,14,1.120432769449411,0.5715422047538836,0.21445221445221446,1.343287636993931
6,15,1.1202273456478893,0.5714753561486818,0.23543123543123542,1.457392646203835
6,16,1.1204880062376739,0.5714820184258523,0.26573426573426573,1.4958188664482366
6,17,1.1205868867491977,0.5714953817374021,0.289044289044289,1.7999032824207648
6,18,1.1206936097986147,0.5714953817374021,0.17715617715617715,1.0548627751424955
6,19,1.1203852327447832,0.5715054196940551,0.2558139534883721,1.5624661979448347
6,20,1.1205394000550408,0.5715823214243934,0.20279720279720279,1.2385935742579102
6,21,1.1203814064362336,0.5714953817374021,0.1888111888111888,1.1321825028118733
6,22,1.1205394000550408,0.5715488412338345,0.23543123543123542,1.4527306415418297
6,23,1.1201797423082214,0.5715354754221037,0.2680652680652681,1.5714976554137394
6,24,1.1204366171344706,0.5714686557392382,0.32167832167832167,1.9804391412783018
6,25,1.1202273456478893,0.5715221102354839,0.20512820512820512,1.1700436315820932
6,26,1.1202311078503302,0.5715288337817288,0.2494172494172494,1.5345276324297303
6,27,1.120077025354179,0.5715087456739314,0.1,0.4806976744186048
6,28,1.120432769449411,0.5715422047538836,0.1585081585081585,1.0145022033133915
6,29,1.120333853067963,0.5715622076707203,0.20512820512820512,1.239973701512163
6,30,1.1205394000550408,0.5715689485751719,0.22377622377622378,1.3764976282458798
6,31,1.1202786945361203,0.5715823214243934,0.1888111888111888,1.1321825028118733
7,0,1.1206382686047045,0.5716825337419008,0.24475524475524477,1.4575773876473177
7,1,1.1204841371721987,0.5716557902369425,0.31002331002331,1.8782445216011647
7,2,1.1205355096052452,0.5716290492340077,0.2564102564102564,1.561293407447253
7,3,1.1202824781033613,0.5716090690002106,0.2627906976744186,1.6588480259599792
7,4,1.1206382686047045,0.5716358190794861,0.20046620046620048,1.2372025798599224
7,5,1.1205355096052452,0.5715154634351752,0.331002331002331,1.9836775501111161
7,6,1.1205907985872208,0.5714552936775159,0.19347319347319347,1.1630343238734848
7,7,1.1203300481320193,0.5714152112412616,0.3356643356643357,2.129753696187262
7,8,1.1206382686047045,0.5714285714285714,0.289044289044289,1.771931254448737
7,9,1.1203814064362336,0.5714419322406415,0.20745920745920746,1.2180329383126587
7,10,1.1205394000550408,0.571435254491018,0.331002331002331,1.9323954988290644
7,11,1.1202786945361203,0.5714552936775159,0.23953488372093024,1.4519253650621957
7,12,1.1206896551724137,0.5715087456739314,0.2540792540792541,1.4622502594530562
7,13,1.120432769449411,0.5715154634351752,0.2680652680652681,1.5948076787237624
7,14,1.120432769449411,0.5714419322406415,0.23776223776223776,1.4539586287838036
7,15,1.1205394000550408,0.5715154634351752,0.22144522144522144,1.347232410169473
7,16,1.1208992888277127,0.5715555763516833,0.2913752913752914,1.7729092973848215
7,17,1.1206422018348623,0.5715354754221037,0.17482517482517482,1.025380214191403
7,18,1.1205907985872208,0.5714552936775159,0.2,1.2344186046511627
7,19,1.1204841371721987,0.5714085231791177,0.2494172494172494,1.5578376557397544
7,20,1.1204366171344706,0.5713817943680419,0.1794871794871795,0.9864323710477554
7,21,1.1203300481320193,0.5713417058397062,0.30536130536130535,1.8811134475470142
7,22,1.1204841371721987,0.571274904124965,0.32400932400932403,1.9812650442021071
7,23,1.120128381476387,0.5713817943680419,0.24708624708624707,1.458761906314354
7,24,1.1203300481320193,0.5713951584609988,0.21212121212121213,1.2720209083845448
7,25,1.1202824781033613,0.5714486210848869,0.23543123543123542,1.3828005716117595
7,26,1.1204841371721987,0.5714552936775159,0.3581395348837209,2.2810383991346677
7,27,1.120128381476387,0.5714018516786683,0.20046620046620048,1.1672725099298527
7,28,1.1202786945361203,0.5715020937141788,0.3752913752913753,2.2204617449372703
7,29,1.1201797423082214,0.5714753561486818,0.2191142191142191,1.3459283529213597
7,30,1.1202786945361203,0.5714218885224429,0.2494172494172494,1.5578376557397535
7,31,1.12002567394095,0.5713817943680419,0.2331002331002331,1.4281817638460994
8,0,1.1205868867491977,0.5714953817374021,0.19114219114219114,1.1336278329285325
8,1,1.1205394000550408,0.5714887246186956,0.2634032634032634,1.564651354861145
8,2,1.1204841371721987,0.5714218885224429,0.17249417249417248,1.023858814068605
8,3,1.1202824781033613,0.5714552936775159,0.27906976744186046,1.6942130881557602
8,4,1.120432769449411,0.5714753561486818,0.2400932400932401,1.4551757488820427
8,5,1.1203814064362336,0.5715622076707203,0.18414918414918416,1.0593291712172834
8,6,1.1204366171344706,0.5715689485751719,0.14219114219114218,0.7093854086861079
8,7,1.1199706717991018,0.5715154634351752,0.22144522144522144,1.347232410169473
8,8,1.120176001466679,0.5714419322406415,0.17016317016317017,1.0223265468020715
8,9,1.120077025354179,0.5714686557392382,0.2261072261072261,1.4477100211365947
8,10,1.12002567394095,0.5714218885224429,0.24475524475524477,1.3876473177172477
8,11,1.119998162197376,0.5715354754221037,0.2813953488372093,1.765002704164413
8,12,1.120333853067963,0.5715755747328048,0.21445221445221446,1.3432876369939308
8,13,1.120124661991842,0.5715288337817288,0.20512820512820512,1.2399737015121632
8,14,1.120176001466679,0.5714887246186956,0.351981351981352,2.1861324378806897
8,15,1.1199706717991018,0.5714419322406415,0.20745920745920746,1.2413429616226823
8,16,1.1202786945361203,0.5715288337817288,0.1864801864801865,1.0887682635934384
8,17,1.1202273456478893,0.5715288337817288,0.289044289044289,1.771931254448737
8,18,1.120176001466679,0.5715020937141788,0.331002331002331,2.081579648013213
8,19,1.1199743272360518,0.5714753561486818,0.30465116279069765,1.8723039480800427
8,20,1.120333853067963,0.5714619883040936,0.358974358974359,2.2860558245173626
8,21,1.120124661991842,0.5714486210848869,0.2400932400932401,1.4831477768540706
8,22,1.1203300481320193,0.5715087456739314,0.2540792540792541,1.5601523573551541
8,23,1.1199229852388375,0.5715154634351752,0.2703962703962704,1.6658135958835263
8,24,1.1201797423082214,0.571435254491018,0.2097902097902098,1.3406034524915649
8,25,1.1200733272227315,0.5714419322406415,0.2400932400932401,1.4551757488820425
8,26,1.120128381476387,0.5713550680574395,0.26976744186046514,1.662109248242293
8,27,1.12002567394095,0.5713617767387492,0.30536130536130535,1.8764514428850096
8,28,1.120176001466679,0.5713217074197017,0.23543123543123542,1.38280057161176
8,29,1.12002567394095,0.5712682904025057,0.2773892773892774,1.6037078694421352
8,30,1.1202824781033613,0.5713283442469598,0.29836829836829837,1.6732141207665687
8,31,1.120077025354179,0.5713417058397062,0.2867132867132867,1.7756043490309226
9,0,1.1204841371721987,0.5713484196745839,0.27505827505827507,1.6259746469536673
9,1,1.1201797423082214,0.571274904124965,0.1864801864801865,1.1307263055514805
9,2,1.1202311078503302,0.5712682904025057,0.15348837209302327,0.9113250405624658
9,3,1.1202786945361203,0.5714152112412616,0.289044289044289,1.6227471052645877
9,4,1.1204880062376739,0.5715020937141788,0.35664335664335667,2.1362087795654228
9,5,1.1203814064362336,0.5714753561486818,0.12121212121212122,0.5960302323938684
9,6,1.1204841371721987,0.5714753561486818,0.25874125874125875,1.5624235903956185
9,7,1.1200733272227315,0.5714152112412616,0.2331002331002331,1.353589689254025
9,8,1.1203814064362336,0.5714953817374021,0.24475524475524477,1.4575773876473177
9,9,1.1203814064362336,0.5714419322406415,0.19813519813519814,1.1845186670361498
9,10,1.1204841371721987,0.5714285714285714,0.19767441860465115,1.2330178474851268
9,11,1.1202273456478893,0.5714619883040936,0.23543123543123542,1.354828543639732
9,12,1.1204880062376739,0.5714887246186956,0.2400932400932401,1.5530778467841406
9,13,1.1202786945361203,0.5714552936775159,0.17016317016317017,0.9523964768720012
9,14,1.1204841371721987,0.5714686557392382,0.24475524475524477,1.5554794855494156
9,15,1.1202824781033613,0.5714486210848869,0.2727272727272727,1.666878575969485
9,16,1.1204841371721987,0.5714552936775159,0.2261072261072261,1.3964279698545432
9,17,1.1203814064362336,0.5715020937141788,0.20046620046620048,1.2372025798599227
9,18,1.120333853067963,0.5714653220216659,0.25813953488372093,1.6054570037858296
9,19,1.1202311078503302,0.5715087456739314,0.16783216783216784,1.0487554403638324
9,20,1.120333853067963,0.5714419322406415,0.19114219114219114,1.0683597676604673
9,21,1.1202786945361203,0.5714820184258523,0.19347319347319347,1.0651322259713865
9,22,1.1205355096052452,0.5714552936775159,0.317016317016317,1.9787547339994898
9,23,1.120176001466679,0.5714753561486818,0.26107226107226106,1.6614450041023465
9,24,1.1203814064362336,0.5714419322406415,0.19813519813519814,1.235800718318201
9,25,1.1202824781033613,0.571435254491018,0.3613053613053613,2.188805755239322
9,26,1.1203814064362336,0.5715020937141788,0.26976744186046514,1.662109248242293
9,27,1.1199706717991018,0.5714218885224429,0.17715617715617715,0.9569606772403976
9,28,1.1202273456478893,0.5714085231791177,0.2261072261072261,1.349807923234497
9,29,1.12002567394095,0.5714419322406415,0.3543123543123543,2.144859025977907
9,30,1.1201797423082214,0.571435254491018,0.14685314685314685,0.9085040833292581
9,31,1.120077025354179,0.571435254491018,0.24242424242424243,1.4843540298085758
10,0,1.1204880062376739,0.5715221102354839,0.18414918414918416,1.0313571432452553
10,1,1.120333853067963,0.5715254720086064,0.22325581395348837,1.3036452136289887
10,2,1.1204880062376739,0.5715354754221037,0.1794871794871795,1.1262925109078956
10,3,1.1204880062376739,0.5715288337817288,0.2680652680652681,1.6647377486538324
10,4,1.1206896551724137,0.5714419322406415,0.20745920745920746,1.241342961622682
10,5,1.1206382686047045,0.5715221102354839,0.22144522144522144,1.3472324101694726
10,6,1.1205394000550408,0.5714419322406415,0.2400932400932401,1.3339636276699212
10,7,1.120333853067963,0.5714218885224429,0.2097902097902098,1.242701354589467
10,8,1.1206422018348623,0.5713884927407477,0.20046620046620048,1.1393004819578247
10,9,1.1205907985872208,0.5714118672101897,0.16744186046511628,0.8742888047593294
10,10,1.1205355096052452,0.5713617767387492,0.317016317016317,1.9787547339994898
10,11,1.1204841371721987,0.5714152112412616,0.31002331002331,1.8083144516710947
10,12,1.1205355096052452,0.5714018516786683,0.1351981351981352,0.8022342847517674
10,13,1.1203814064362336,0.5713417058397062,0.1561771561771562,0.9150026352823555
10,14,1.1203814064362336,0.5713217074197017,0.25874125874125875,1.5624235903956185
10,15,1.1204841371721987,0.5714285714285714,0.18414918414918416,1.1292592411473532
10,16,1.1206422018348623,0.571435254491018,0.2937062937062937,1.7738764731771721
10,17,1.1205868867491977,0.5714419322406415,0.24186046511627907,1.4531314223904817
10,18,1.1205907985872208,0.5714552936775159,0.2261072261072261,1.4477100211365945
10,19,1.1202273456478893,0.5713951584609988,0.34965034965034963,2.0222667775115317
10,20,1.1204366171344706,0.5712949976624591,0.3986013986013986,2.4215365054525897
10,21,1.1201797423082214,0.571274904124965,0.2913752913752914,1.7729092973848215
10,22,1.120432769449411,0.5712882632182027,0.26573426573426573,1.495818866448237
10,23,1.1202273456478893,0.5713283442469598,0.2867132867132867,1.6730402464668195
10,24,1.1203814064362336,0.5712481878127484,0.21212121212121213,1.3419509783146149
10,25,1.1203319505999911,0.5714018516786683,0.09069767441860466,0.47316928069226616
10,26,1.1205394000550408,0.5713884927407477,0.21445221445221446,1.2780195717258656
10,27,1.120124661991842,0.5713350632349159,0.372960372960373,2.2898049891056886
10,28,1.120176001466679,0.5713016229362518,0.26107226107226106,1.6614450041023465
10,29,1.120176001466679,0.5712949976624591,0.32400932400932403,2.0791671421042053
10,30,1.120333853067963,0.5713484196745839,0.29836829836829837,1.775778223330671
10,31,1.1203852327447832,0.5713350632349159,0.1585081585081585,0.9166001054112938
11,0,1.120717328125794,0.5714185498818523,0.2627906976744186,1.6076852352623048
11,1,1.1206422018348623,0.5714486210848869,0.18181818181818182,1.0578512396694215
11,2,1.1205355096052452,0.5714018516786683,0.2937062937062937,1.8717785710792703
11,3,1.1203852327447832,0.5713951584609988,0.23543123543123542,1.4527306415418293
11,4,1.1205394000550408,0.5714018516786683,0.2634032634032634,1.6625534527632428
11,5,1.1204366171344706,0.5714486210848869,0.16783216783216784,1.0207834123918043
11,6,1.1205907985872208,0.5714552936775159,0.29836829836829837,1.873680321232769
11,7,1.1202311078503302,0.5713884927407477,0.2540792540792541,1.560152357355154
11,8,1.1204366171344706,0.5713951584609988,0.19534883720930232,1.1339318550567874
11,9,1.120333853067963,0.5714218885224429,0.21445221445221446,1.3432876369939308
11,10,1.120432769449411,0.5714419322406415,0.23776223776223776,1.453958628783804
11,11,1.120128381476387,0.5713484196745839,0.32400932400932403,1.9812650442021071
11,12,1.1205394000550408,0.5713083522288973,0.20046620046620048,1.1859205285778713
11,13,1.1203852327447832,0.5713951584609988,0.2494172494172494,1.4599355578376556
11,14,1.1205355096052452,0.5713884927407477,0.3333333333333333,2.082362082362083
11,15,1.1202311078503302,0.5713484196745839,0.31002331002331,1.8782445216011645
11,16,1.1205355096052452,0.5713083522288973,0.19534883720930232,1.1618388318009734
11,17,1.1203300481320193,0.5712615456564948,0.2331002331002331,1.4514917871561228
11,18,1.1205394000550408,0.5713350632349159,0.4405594405594406,2.69401926744584
11,19,1.1205907985872208,0.5714419322406415,0.27972027972027974,1.697980341336985
11,20,1.1206422018348623,0.5713951584609988,0.23776223776223776,1.3840285588537333
11,21,1.1202311078503302,0.5712949976624591,0.3752913752913753,2.3882939127694374
11,22,1.1202824781033613,0.5712682904025057,0.21678321678321677,1.246711330627415
11,23,1.1199193511432892,0.5712816437203432,0.26107226107226106,1.5915149341722767
11,24,1.1202273456478893,0.5713517438660117,0.27674418604651163,1.6652731206057323
11,25,1.1202273456478893,0.5714218885224429,0.337995337995338,2.0838943496286157
11,26,1.120333853067963,0.5714152112412616,0.1864801864801865,1.1307263055514802
11,27,1.1202273456478893,0.571435254491018,0.28438228438228436,1.7279845251873218
11,28,1.1203814064362336,0.5713951584609988,0.2867132867132867,1.7709423443689174
11,29,1.1202311078503302,0.5714552936775159,0.20512820512820512,1.2399737015121635
11,30,1.120333853067963,0.5714419322406415,0.2564102564102564,1.5892654354192808
11,31,1.1202824781033613,0.5714586409908047,0.2651162790697674,1.5111087074094105
12,0,1.1206422018348623,0.5715889424201319,0.20279720279720279,1.2385935742579102
12,1,1.1206896551724137,0.5715689485751719,0.1864801864801865,1.1307263055514802
12,2,1.1206896551724137,0.5714953817374021,0.2727272727272727,1.6249205340114432
12,3,1.1206382686047045,0.5716557902369425,0.09836065573770492,0.5477022305831764
12,4,1.1207964398770474,0.5715555763516833,0.2727272727272727,1.643568552659462
12,5,1.1207410464529737,0.5715622076707203,0.2331002331002331,1.4002097358740715
12,6,1.1208952485782424,0.5715555763516833,0.2634032634032634,1.5972853874951778
12,7,1.1204841371721987,0.5715221102354839,0.1655011655011655,1.0192294108378026
12,8,1.1206936097986147,0.5715221102354839,0.2867132867132867,1.770942344368918
12,9,1.1205394000550408,0.5714887246186956,0.3209302325581395,1.976073553272039
12,10,1.1205355096052452,0.5714619883040936,0.2191142191142191,1.2759982829912897
12,11,1.1204366171344706,0.5714753561486818,0.1561771561771562,0.7751424954222156
12,12,1.1205394000550408,0.5714820184258523,0.1351981351981352,0.8022342847517675
12,13,1.120432769449411,0.5714820184258523,0.289044289044289,1.771931254448737
12,14,1.1204366171344706,0.5713951584609988,0.2727272727272727,1.6435685526594621
12,15,1.1200733272227315,0.5713617767387492,0.2261072261072261,1.3777799512065247
12,16,1.1203852327447832,0.5714085231791177,0.2564102564102564,1.5612934074472526
12,17,1.1204346932919407,0.5714285714285714,0.1744186046511628,1.1207409410492153
12,18,1.1202824781033613,0.5714018516786683,0.14685314685314685,0.8572220320472068
12,19,1.120176001466679,0.5715622076707203,0.2517482517482518,1.5590004401193214
12,20,1.120333853067963,0.5715956948993917,0.2634032634032634,1.5926233828331728
12,21,1.1202311078503302,0.5715622076707203,0.3613053613053613,2.244749811183378
12,22,1.1204841371721987,0.5715087456739314,0.2494172494172494,1.4599355578376563
12,23,1.1199743272360518,0.5714552936775159,0.24708624708624707,1.4587619063143542
12,24,1.1202786945361203,0.5714619883040936,0.289044289044289,1.702001184518667
12,25,1.120128381476387,0.5715755747328048,0.27674418604651163,1.6652731206057323
12,26,1.120333853067963,0.5715555763516833,0.34498834498834496,2.1140832749224354
12,27,1.12002567394095,0.5715354754221037,0.20512820512820512,1.2399737015121632
12,28,1.120077025354179,0.5714820184258523,0.22144522144522144,1.2493303122673751
12,29,1.12002567394095,0.5714753561486818,0.26107226107226106,1.563542906200249
12,30,1.1202311078503302,0.5715087456739314,0.2727272727272727,1.6948506039415134
12,31,1.1201797423082214,0.5714753561486818,0.28205128205128205,1.6990018528480066
13,0,1.1205907985872208,0.5715221102354839,0.3006993006993007,1.7767127976918198
13,1,1.1204841371721987,0.5715856319222626,0.2302325581395349,1.3493185505678744
13,2,1.1205394000550408,0.5715422047538836,0.3006993006993007,1.7067827277617496
13,3,1.1202824781033613,0.5714085231791177,0.22377622377622378,1.348525600273852
13,4,1.1204841371721987,0.5714152112412616,0.2400932400932401,1.3572736509799446
13,5,1.1203814064362336,0.5714753561486818,0.2727272727272727,1.624920534011443
13,6,1.1205394000550408,0.5715555763516833,0.24475524475524477,1.5554794855494156
13,7,1.1201797423082214,0.5714953817374021,0.2913752913752914,1.7775713020468262
13,8,1.1203300481320193,0.5714486210848869,0.25116279069767444,1.415987020010817
13,9,1.1201797423082214,0.5715087456739314,0.22377622377622378,1.348525600273852
13,10,1.1202786945361203,0.5714085231791177,0.19347319347319347,1.2329643938035542
13,11,1.1202311078503302,0.5715422047538836,0.15384615384615385,0.8154922001075847
13,12,1.1204880062376739,0.5715488412338345,0.11421911421911422,0.5906835976766043
13,13,1.1202311078503302,0.5715221102354839,0.1794871794871795,1.0563624409778254
13,14,1.1203814064362336,0.5714552936775159,0.1258741258741259,0.7254144456941662
13,15,1.1202824781033613,0.5714419322406415,0.2517482517482518,1.4610983422172237
13,16,1.1206422018348623,0.5715221102354839,0.23953488372093024,1.4519253650621957
13,17,1.1204366171344706,0.5714619883040936,0.19114219114219114,1.1336278329285323
13,18,1.1205907985872208,0.5714486210848869,0.2191142191142191,1.27599828299129
13,19,1.1202824781033613,0.5714619883040936,0.289044289044289,1.869833352350835
13,20,1.1205907985872208,0.5715087456739314,0.2634032634032634,1.466749256959047
13,21,1.1205394000550408,0.5716156796706895,0.1888111888111888,1.132182502811873
13,22,1.1206382686047045,0.5715622076707203,0.18181818181818182,1.1277813095994917
13,23,1.1202786945361203,0.5716290492340077,0.26573426573426573,1.5657489363783068
13,24,1.1203062631176903,0.5714987377257905,0.16279069767441862,0.8758247701460246
13,25,1.1203300481320193,0.5714619883040936,0.24475524475524477,1.4575773876473177
13,26,1.1202824781033613,0.5714820184258523,0.1958041958041958,1.136485891730647
13,27,1.120128381476387,0.5715221102354839,0.2097902097902098,1.2706733825614949
13,28,1.1204366171344706,0.5715087456739314,0.2634032634032634,1.6625534527632428
13,29,1.1202311078503302,0.5714887246186956,0.25874125874125875,1.5624235903956178
13,30,1.1205355096052452,0.5715622076707203,0.35664335664335667,2.1175607609174043
13,31,1.120124661991842,0.5715555763516833,0.28438228438228436,1.6720404692432662
14,0,1.1203814064362336,0.57161237433545,0.2255813953488372,1.3467874526771222
14,1,1.1203814064362336,0.5716090690002106,0.2703962703962704,1.6658135958835263
14,2,1.1206382686047045,0.5716156796706895,0.30303030303030304,1.8755386028113303
14,3,1.1203300481320193,0.5715622076707203,0.28205128205128205,1.6990018528480069
14,4,1.1204366171344706,0.5715221102354839,0.3962703962703963,2.490988421058351
14,5,1.120333853067963,0.5716023107327455,0.21212121212121213,1.3419509783146146
14,6,1.1205394000550408,0.5715823214243934,0.2517482517482518,1.4284643095831906
14,7,1.1202273456478893,0.5715889424201319,0.23076923076923078,1.450242065626681
14,8,1.1204841371721987,0.5715221102354839,0.19534883720930232,1.1339318550567874
14,9,1.120432769449411,0.5715689485751719,0.21212121212121213,1.244048880412517
14,10,1.120432769449411,0.5714820184258523,0.2727272727272727,1.7647806738715828
14,11,1.120176001466679,0.5714552936775159,0.24708624708624707,1.556664004216452
14,12,1.1203814064362336,0.5715889424201319,0.20745920745920746,1.3392450595247802
14,13,1.120333853067963,0.5715889424201319,0.22377622377622378,1.250623502371754
14,14,1.1205394000550408,0.5716557902369425,0.1864801864801865,1.1307263055514802
14,15,1.1203852327447832,0.5716290492340077,0.22325581395348837,1.3082963764196864
14,16,1.1207410464529737,0.5716424194227441,0.2494172494172494,1.4599355578376558
14,17,1.1203814064362336,0.5716491950580307,0.32400932400932403,1.9812650442021071
14,18,1.1205355096052452,0.5716023107327455,0.1655011655011655,0.8793692709776629
14,19,1.1205355096052452,0.5716358190794861,0.17016317016317017,0.9523964768720016
14,20,1.1207410464529737,0.5717092797492339,0.3939393939393939,2.3925973016882116
14,21,1.1205868867491977,0.5716625716625716,0.2564102564102564,1.561293407447253
14,22,1.1207450224791264,0.5715755747328048,0.2564102564102564,1.4633913095451552
14,23,1.1205355096052452,0.5715488412338345,0.17906976744186046,0.9330502974580854
14,24,1.1209507203817566,0.5715221102354839,0.2331002331002331,1.451491787156123
14,25,1.1206936097986147,0.5715956948993917,0.22377622377622378,1.348525600273852
14,26,1.1208438431552397,0.5715823214243934,0.3076923076923077,1.7794513179128562
14,27,1.1206936097986147,0.5715755747328048,0.317016317016317,1.8388945941393495
14,28,1.1209507203817566,0.5716290492340077,0.2634032634032634,1.620595410805201
14,29,1.1211009174311928,0.5715823214243934,0.3123543123543124,1.9770268581457395
14,30,1.1212037801633177,0.5715956948993917,0.27505827505827507,1.7658347868138073
14,31,1.1208952485782424,0.5716290492340077,0.32325581395348835,1.9769010275824772
15,0,1.1212079489650741,0.5717027052326126,0.17482517482517482,1.053352242163431
15,1,1.12115234643791,0.5716090690002106,0.26107226107226106,1.5915149341722767
15,2,1.1212552186080653,0.5715622076707203,0.34032634032634035,2.08464418254628
15,3,1.1208952485782424,0.5716424194227441,0.2727272727272727,1.6948506039415132
15,4,1.1211564938044976,0.5715889424201319,0.2261072261072261,1.349807923234497
15,5,1.1208478619930262,0.5714820184258523,0.2191142191142191,1.3459283529213601
15,6,1.1208438431552397,0.5715422047538836,0.28438228438228436,1.7000124972152937
15,7,1.1205394000550408,0.5716156796706895,0.30930232558139537,1.8740995132504061
15,8,1.1208438431552397,0.5716224437268941,0.2331002331002331,1.4514917871561228
15,9,1.1206422018348623,0.5715555763516833,0.22843822843822845,1.4489814769535052
15,10,1.1207410464529737,0.5715823214243934,0.1958041958041958,1.1411478963926518
15,11,1.1203852327447832,0.5715956948993917,0.23543123543123542,1.45273064154183
15,12,1.1204880062376739,0.5716358190794861,0.2564102564102564,1.6591955053493506
15,13,1.1203852327447832,0.571675948893153,0.2494172494172494,1.5578376557397537
15,14,1.1206382686047045,0.5716156796706895,0.27209302325581397,1.6631746890210928
15,15,1.120333853067963,0.5715956948993917,0.14219114219114218,0.7933014926021918
15,16,1.1207964398770474,0.5717092797492339,0.20046620046620048,1.2651746078319503
15,17,1.1206896551724137,0.5716893267498186,0.23543123543123542,1.38280057161176
15,18,1.1208438431552397,0.5716156796706895,0.2703962703962704,1.6238555539254844
15,19,1.1206422018348623,0.5716825337419008,0.2261072261072261,1.2519058253323991
15,20,1.1206936097986147,0.5716825337419008,0.12121212121212122,0.5960302323938685
15,21,1.1204880062376739,0.5716491950580307,0.19347319347319347,1.1350622959014562
15,22,1.1204366171344706,0.5716893267498186,0.19534883720930232,1.1618388318009736
15,23,1.1202273456478893,0.5716959064327486,0.2540792540792541,1.560152357355154
15,24,1.1206382686047045,0.5716959064327486,0.3006993006993007,1.8746148955939173
15,25,1.1204366171344706,0.5716557902369425,0.1445221445221445,0.8136121842415548
15,26,1.1204880062376739,0.5715755747328048,0.2400932400932401,1.4551757488820427
15,27,1.1202786945361203,0.5716290492340077,0.20279720279720279,1.16866350432784
15,28,1.1205394000550408,0.5716491950580307,0.2564102564102564,1.5612934074472529
15,29,1.120432769449411,0.5716825337419008,0.16317016317016317,0.9197624442379687
15,30,1.1204880062376739,0.5715823214243934,0.23953488372093024,1.358902109248242
15,31,1.1202824781033613,0.5716691616766467,0.2937062937062937,1.8717785710792696
16,0,1.1208478619930262,0.5717761557177615,0.1864801864801865,1.1307263055514805
16,1,1.1206422018348623,0.571736028259293,0.22144522144522144,1.3472324101694726
16,2,1.1207450224791264,0.5716424194227441,0.2727272727272727,1.6948506039415128
16,3,1.1204366171344706,0.5715956948993917,0.3473193473193473,2.08682847843687
16,4,1.1206936097986147,0.5716691616766467,0.2097902097902098,1.242701354589467
16,5,1.1205868867491977,0.5717027052326126,0.15476190476190477,0.8808106575963719
16,6,1.120792442447033,0.5717226536914009,0.2867132867132867,1.6730402464668195
16,7,1.1204366171344706,0.5716893267498186,0.14918414918414918,0.9101450220331339
16,8,1.1206896551724137,0.5716358190794861,0.2744186046511628,1.6642293131422392
16,9,1.1206382686047045,0.5717627792724296,0.23776223776223776,1.4586206334458085
16,10,1.1204841371721987,0.5716557902369425,0.20745920745920746,1.241342961622682
16,11,1.1203852327447832,0.5717494034529547,0.31002331002331,1.808314451671095
16,12,1.1205394000550408,0.5717428444382036,0.2564102564102564,1.589265435419281
16,13,1.1205355096052452,0.5716893267498186,0.2261072261072261,1.3498079232344966
16,14,1.1207410464529737,0.5716625716625716,0.1258741258741259,0.6974424177221383
16,15,1.120333853067963,0.5715555763516833,0.32400932400932403,2.0092370721741357
16,16,1.1207944411620403,0.5716391192511151,0.2186046511627907,1.3429096809085994
16,17,1.1207450224791264,0.5717027052326126,0.2494172494172494,1.5578376557397542
16,18,1.1208438431552397,0.5716825337419008,0.19813519813519814,1.137898620416103
16,19,1.1205868867491977,0.5716424194227441,0.20745920745920746,1.241342961622682
16,20,1.1207410464529737,0.5716557902369425,0.2937062937062937,1.7738764731771721
16,21,1.1207410464529737,0.5715823214243934,0.24475524475524477,1.4575773876473177
16,22,1.1210021566558068,0.5716959064327486,0.30536130536130535,1.876451442885009
16,23,1.1204880062376739,0.5716056898664781,0.22093023255813954,1.3442130881557601
16,24,1.1207450224791264,0.5715823214243934,0.20745920745920746,1.241342961622682
16,25,1.1205394000550408,0.5716156796706895,0.2517482517482518,1.5590004401193214
16,26,1.1204880062376739,0.5715555763516833,0.2540792540792541,1.560152357355154
16,27,1.1202786945361203,0.5715622076707203,0.2517482517482518,1.5683244494433308
16,28,1.1206382686047045,0.5715823214243934,0.21212121212121213,1.2720209083845446
16,29,1.1205355096052452,0.5716424194227441,0.17715617715617715,1.0268907471704674
16,30,1.1206382686047045,0.5716156796706895,0.23076923076923078,1.2544378698224854
16,31,1.1205355096052452,0.5715689485751719,0.3116279069767442,1.8749810708491073
17,0,1.1208992888277127,0.5717092797492339,0.08624708624708624,0.47041691796936547
17,1,1.1206896551724137,0.5716424194227441,0.21212121212121213,1.2440488804125163
17,2,1.1205907985872208,0.5716023107327455,0.15151515151515152,0.9117750935932754
17,3,1.1205394000550408,0.5716691616766467,0.1958041958041958,1.136485891730647
17,4,1.1206422018348623,0.5716691616766467,0.20745920745920746,1.2413429616226819
17,5,1.1206382686047045,0.5716959064327486,0.16783216783216784,1.0207834123918043
17,6,1.1207410464529737,0.5716023107327455,0.34965034965034963,2.115506870751625
17,7,1.1203300481320193,0.5715154634351752,0.2534883720930233,1.5613250405624666
17,8,1.1204366171344706,0.5715354754221037,0.24242424242424243,1.3584799039344497
17,9,1.1203814064362336,0.5715889424201319,0.17715617715617715,1.054862775142495
17,10,1.1205355096052452,0.5715288337817288,0.28438228438228436,1.7979145951173918
17,11,1.120333853067963,0.5714953817374021,0.24475524475524477,1.5554794855494156
17,12,1.1205907985872208,0.5715354754221037,0.20512820512820512,1.2399737015121632
17,13,1.1203852327447832,0.5714285714285714,0.20745920745920746,1.2413429616226819
17,14,1.1206382686047045,0.5714152112412616,0.21212121212121213,1.1927668291304656
17,15,1.1205355096052452,0.5714486210848869,0.32790697674418606,2.076197944835045
17,16,1.120792442447033,0.5715488412338345,0.2937062937062937,1.773876473177172
17,17,1.1206382686047045,0.5715755747328048,0.2727272727272727,1.666878575969485
17,18,1.1205868867491977,0.5716023107327455,0.1888111888111888,1.1321825028118733
17,19,1.1203852327447832,0.5716023107327455,0.23076923076923078,1.3523399677245835
17,20,1.1205907985872208,0.5716090690002106,0.26573426573426573,1.4958188664482366
17,21,1.1205355096052452,0.5715689485751719,0.1794871794871795,1.0283904130057975
17,22,1.1205394000550408,0.5715354754221037,0.16511627906976745,0.9192482422931311
17,23,1.120333853067963,0.5716090690002106,0.2494172494172494,1.5578376557397537
17,24,1.1204880062376739,0.5715689485751719,0.2564102564102564,1.561293407447253
17,25,1.1203814064362336,0.5715488412338345,0.24708624708624707,1.5100439575964053
17,26,1.1204366171344706,0.5714552936775159,0.331002331002331,2.0815796480132134
17,27,1.120333853067963,0.5715288337817288,0.3146853146853147,1.9778962296444813
17,28,1.1205868867491977,0.5716156796706895,0.15151515151515152,0.9117750935932754
17,29,1.1205394000550408,0.5716625716625716,0.23776223776223776,1.3560565308817056
17,30,1.1206896551724137,0.5716625716625716,0.22093023255813954,1.441887506760411
17,31,1.1204841371721987,0.5716625716625716,0.35664335664335667,2.1874908308474743
18,0,1.1207410464529737,0.5717226536914009,0.25874125874125875,1.5624235903956183
18,1,1.1206382686047045,0.571675948893153,0.1958041958041958,1.234387989632745
18,2,1.1207450224791264,0.5716825337419008,0.15384615384615385,0.9133942980096826
18,3,1.120432769449411,0.5717092797492339,0.18414918414918416,1.0313571432452553
18,4,1.1206422018348623,0.5716023107327455,0.3939393939393939,2.4904993995903086
18,5,1.1205868867491977,0.5716424194227441,0.13986013986013987,0.8056139664531272
18,6,1.1207410464529737,0.5716224437268941,0.2837209302325581,1.7660140616549485
18,7,1.1204841371721987,0.571675948893153,0.2494172494172494,1.5578376557397542
18,8,1.1206422018348623,0.5716557902369425,0.351981351981352,2.1861324378806892
18,9,1.1204841371721987,0.5716023107327455,0.34265734265734266,2.085383148320211
18,10,1.1203852327447832,0.5715755747328048,0.1282051282051282,0.7271531886916502
18,11,1.1203300481320193,0.5715889424201319,0.1864801864801865,1.1307263055514805
18,12,1.1205868867491977,0.5716557902369425,0.2540792540792541,1.462250259453056
18,13,1.1204841371721987,0.5716557902369425,0.18414918414918416,1.1292592411473532
18,14,1.1206382686047045,0.5716358190794861,0.2651162790697674,1.6878528934559223
18,15,1.1204366171344706,0.5716224437268941,0.2727272727272727,1.666878575969485
18,16,1.1207450224791264,0.5716424194227441,0.20512820512820512,1.2399737015121632
18,17,1.1206936097986147,0.5716424194227441,0.20279720279720279,1.2385935742579095
18,18,1.1209507203817566,0.5716290492340077,0.28438228438228436,1.769942567145364
18,19,1.120792442447033,0.5716491950580307,0.317016317016317,1.9787547339994893
18,20,1.121053597650514,0.5716358190794861,0.2773892773892774,1.6689759347102004
18,21,1.1209507203817566,0.5716557902369425,0.20512820512820512,1.2399737015121632
18,22,1.1209466587166903,0.5716825337419008,0.21395348837209302,1.34027041644132
18,23,1.1206936097986147,0.5716557902369425,0.1958041958041958,1.234387989632745
18,24,1.1208992888277127,0.5715889424201319,0.337995337995338,2.111866377600643
18,25,1.1208478619930262,0.5715823214243934,0.30536130536130535,1.8764514428850092
18,26,1.1208952485782424,0.5714953817374021,0.14685314685314685,0.8385740133991881
18,27,1.1207450224791264,0.5715354754221037,0.23543123543123542,1.45273064154183
18,28,1.1208992888277127,0.5716023107327455,0.24475524475524477,1.5554794855494156
18,29,1.1205868867491977,0.5716056898664781,0.19534883720930232,1.2316062736614386
18,30,1.1206936097986147,0.5714552936775159,0.26573426573426573,1.5937209643503345
18,31,1.1205394000550408,0.5715020937141788,0.21212121212121213,1.2720209083845444
19,0,1.121053597650514,0.5715354754221037,0.32167832167832167,1.929157089996251
19,1,1.1208992888277127,0.5716358190794861,0.16317016317016317,0.9477344722099966
19,2,1.1208438431552397,0.5716424194227441,0.2703962703962704,1.5679114979814284
19,3,1.1205907985872208,0.5716224437268941,0.2540792540792541,1.560152357355154
19,4,1.12115234643791,0.5716358190794861,0.2191142191142191,1.3459283529213601
19,5,1.1208992888277127,0.5716725552848998,0.2255813953488372,1.3467874526771224
19,6,1.120998073571232,0.5716557902369425,0.23543123543123542,1.45273064154183
19,7,1.1206382686047045,0.5716023107327455,0.2773892773892774,1.668975934710201
19,8,1.1208478619930262,0.5715755747328048,0.28205128205128205,1.7689319227780762
19,9,1.120792442447033,0.5715622076707203,0.3356643356643357,2.0831336495672157
19,10,1.1208438431552397,0.5715622076707203,0.3333333333333333,2.082362082362083
19,11,1.1204841371721987,0.5716023107327455,0.2540792540792541,1.490222287425084
19,12,1.120792442447033,0.5716290492340077,0.29836829836829837,1.7757782233306711
19,13,1.1206896551724137,0.5716825337419008,0.24883720930232558,1.4566846944294214
19,14,1.1206382686047045,0.5715622076707203,0.27505827505827507,1.6679326889117094
19,15,1.1204880062376739,0.5715956948993917,0.2517482517482518,1.5590004401193214
19,16,1.1207450224791264,0.5716358190794861,0.26107226107226106,1.5915149341722767
19,17,1.1205907985872208,0.5715622076707203,0.22144522144522144,1.3472324101694728
19,18,1.1207964398770474,0.5716491950580307,0.2867132867132867,1.7709423443689174
19,19,1.1206936097986147,0.5715154634351752,0.1958041958041958,1.2343879896327452
19,20,1.1209507203817566,0.5715555763516833,0.337995337995338,2.0605843263185926
19,21,1.1207450224791264,0.5715221102354839,0.1883720930232558,1.1575392103839912
19,22,1.1209466587166903,0.5714820184258523,0.20279720279720279,1.2385935742579102
19,23,1.1204366171344706,0.5714686557392382,0.2867132867132867,1.7709423443689174
19,24,1.1207964398770474,0.5716224437268941,0.21445221445221446,1.2733575670638608
19,25,1.120792442447033,0.5715823214243934,0.2680652680652681,1.6647377486538326
19,26,1.1207450224791264,0.5714686557392382,0.15151515151515152,0.9117750935932754
19,27,1.1202273456478893,0.5715154634351752,0.29603729603729606,1.8727348797278864
19,28,1.1205888426682091,0.5715555763516833,0.27674418604651163,1.7117847485127091
19,29,1.1204841371721987,0.5715488412338345,0.29603729603729606,1.8727348797278867
19,30,1.1207410464529737,0.5715755747328048,0.23543123543123542,1.4107725995837879
19,31,1.1205907985872208,0.5716557902369425,0.2773892773892774,1.7668780326122988
20,0,1.1208992888277127,0.571675948893153,0.10256410256410256,0.5815551969398123
20,1,1.1206422018348623,0.5717160843415787,0.1258741258741259,0.6974424177221381
20,2,1.1208478619930262,0.5716491950580307,0.14918414918414918,0.8402149521030637
20,3,1.1205394000550408,0.5715755747328048,0.23543123543123542,1.45273064154183
20,4,1.120792442447033,0.5715154634351752,0.14651162790697675,0.9064413196322338
20,5,1.1205355096052452,0.5715689485751719,0.24242424242424243,1.5542840997386456
20,6,1.1205355096052452,0.5715555763516833,0.26573426573426573,1.6123689829983532
20,7,1.120333853067963,0.5716491950580307,0.38095238095238093,2.3691609977324264
20,8,1.1206382686047045,0.5716090690002106,0.4149184149184149,2.4245793056981864
20,9,1.1205394000550408,0.5715823214243934,0.29836829836829837,1.9016523492047972
20,10,1.1206382686047045,0.5716491950580307,0.1561771561771562,0.9150026352823555
20,11,1.1205907985872208,0.5715889424201319,0.2564102564102564,1.5193353654892112
20,12,1.1207410464529737,0.5715622076707203,0.22377622377622378,1.348525600273852
20,13,1.1207964398770474,0.5716557902369425,0.2494172494172494,1.4879075858096842
20,14,1.1206936097986147,0.5715555763516833,0.35348837209302325,2.1820227149810716
20,15,1.1204841371721987,0.5715488412338345,0.2634032634032634,1.564651354861145
20,16,1.1206936097986147,0.5716023107327455,0.3123543123543124,1.9070967882156693
20,17,1.1204880062376739,0.5716224437268941,0.289044289044289,1.7765932591107414
20,18,1.1206422018348623,0.5715488412338345,0.2634032634032634,1.5926233828331735
20,19,1.1204841371721987,0.5716023107327455,0.3006993006993007,1.8746148955939175
20,20,1.1205868867491977,0.5716156796706895,0.2097902097902098,1.242701354589467
20,21,1.1204841371721987,0.5716491950580307,0.26573426573426573,1.6636510342804045
20,22,1.1205907985872208,0.5717226536914009,0.24651162790697675,1.5531855056787451
20,23,1.1202824781033613,0.5716424194227441,0.2937062937062937,1.8717785710792696
20,24,1.1206382686047045,0.5716156796706895,0.2494172494172494,1.4599355578376563
20,25,1.1203814064362336,0.5715956948993917,0.26573426573426573,1.6636510342804047
20,26,1.1205355096052452,0.5715956948993917,0.20046620046620048,1.2372025798599227
20,27,1.1202824781033613,0.5716156796706895,0.22843822843822845,1.3790514070234352
20,28,1.1206896551724137,0.5716424194227441,0.27505827505827507,1.6959047168837373
20,29,1.1204841371721987,0.5716090690002106,0.3123543123543124,1.977026858145739
20,30,1.1206382686047045,0.5716358190794861,0.3209302325581395,1.9760735532720388
20,31,1.1203300481320193,0.5715422047538836,0.44755244755244755,2.792703799696806
21,0,1.1207964398770474,0.5715889424201319,0.2867132867132867,1.770942344368918
21,1,1.1206896551724137,0.5715555763516833,0.31934731934731936,1.979602371210762
21,2,1.120792442447033,0.5716290492340077,0.23076923076923078,1.4502420656266815
21,3,1.1204880062376739,0.5715288337817288,0.26107226107226106,1.6614450041023472
21,4,1.1207964398770474,0.5715020937141788,0.32867132867132864,1.9875462532805193
21,5,1.1207450224791264,0.5715655781229461,0.21395348837209302,1.2425959978366687
21,6,1.1208992888277127,0.5715823214243934,0.2191142191142191,1.34592835292136
21,7,1.1205907985872208,0.5715755747328048,0.32400932400932403,1.9812650442021074
21,8,1.1207410464529737,0.5716023107327455,0.22377622377622378,1.3485256002738522
21,9,1.1205868867491977,0.5716625716625716,0.2331002331002331,1.353589689254025
21,10,1.1206382686047045,0.5716691616766467,0.23076923076923078,1.4502420656266815
21,11,1.1201797423082214,0.5716358190794861,0.23076923076923078,1.4502420656266815
21,12,1.1205868867491977,0.5716358190794861,0.24242424242424243,1.456382001836548
21,13,1.1204880062376739,0.5715354754221037,0.2116279069767442,1.3389345592212003
21,14,1.1206422018348623,0.5715422047538836,0.3146853146853147,1.92661417836243
21,15,1.1205394000550408,0.5715755747328048,0.2097902097902098,1.3406034524915649
21,16,1.1208992888277127,0.5716090690002106,0.1585081585081585,1.0145022033133917
21,17,1.120792442447033,0.5715823214243934,0.2564102564102564,1.519335365489211
21,18,1.120792442447033,0.5715889424201319,0.1655011655011655,0.9492993409077327
21,19,1.1206936097986147,0.5716023107327455,0.1864801864801865,1.0654582402834152
21,20,1.120998073571232,0.5716424194227441,0.20745920745920746,1.2413429616226823
21,21,1.121053597650514,0.5716557902369425,0.13023255813953488,0.7969929691725254
21,22,1.1211564938044976,0.5716090690002106,0.32167832167832167,1.9804391412783022
21,23,1.1207964398770474,0.5716224437268941,0.27972027972027974,1.697980341336985
21,24,1.1212079489650741,0.5717895327889947,0.20512820512820512,1.3378757994142612
21,25,1.1212037801633177,0.57182966775854,0.28438228438228436,1.7186605158633128
21,26,1.1212594088489076,0.5717895327889947,0.2097902097902098,1.2893214012095133
21,27,1.1211009174311928,0.5719034576398155,0.22377622377622378,1.3485256002738522
21,28,1.1212037801633177,0.5718231397607846,0.19347319347319347,1.1350622959014565
21,29,1.1208438431552397,0.5717761557177615,0.2441860465116279,1.4543266630611142
21,30,1.1206422018348623,0.5716358190794861,0.32167832167832167,1.9804391412783022
21,31,1.1205868867491977,0.5717027052326126,0.1794871794871795,1.1262925109078952
22,0,1.120998073571232,0.57182966775854,0.2191142191142191,1.3459283529213601
22,1,1.120792442447033,0.57181628880934,0.2703962703962704,1.6937856238555542
22,2,1.1208478619930262,0.5717627792724296,0.2773892773892774,1.6689759347102007
22,3,1.1205868867491977,0.5717160843415787,0.2261072261072261,1.3777799512065247
22,4,1.120717328125794,0.5717027052326126,0.24651162790697675,1.4834180638182806
22,5,1.1204841371721987,0.5717428444382036,0.22144522144522144,1.375204438141501
22,6,1.1205394000550408,0.5717562254259502,0.289044289044289,1.8698333523508344
22,7,1.1202311078503302,0.5718097556408576,0.3146853146853147,1.8846561364043874
22,8,1.1205907985872208,0.57182966775854,0.2331002331002331,1.4514917871561228
22,9,1.1204880062376739,0.5717895327889947,0.2540792540792541,1.5881243853271818
22,10,1.1205355096052452,0.5717696070400449,0.23076923076923078,1.450242065626681
22,11,1.120432769449411,0.57181628880934,0.2494172494172494,1.4599355578376558
22,12,1.1204880062376739,0.5718430473338169,0.18604651162790697,1.0305029745808545
22,13,1.1203300481320193,0.57181628880934,0.2494172494172494,1.6557397536418514
22,14,1.1204880062376739,0.57182966775854,0.28438228438228436,1.7979145951173918
22,15,1.1204841371721987,0.5718831898165481,0.22144522144522144,1.3472324101694728
22,16,1.1207410464529737,0.57182966775854,0.1794871794871795,1.0283904130057973
22,17,1.1205907985872208,0.5718097556408576,0.27505827505827507,1.7658347868138073
22,18,1.1207410464529737,0.57181628880934,0.24708624708624707,1.5053819529344008
22,19,1.1204366171344706,0.5717562254259502,0.32634032634032634,2.0799821778842764
22,20,1.1206896551724137,0.5718029104861728,0.23488372093023255,1.379713358572201
22,21,1.1207964398770474,0.5717829892805317,0.26573426573426573,1.6636510342804047
22,22,1.1208478619930262,0.57181628880934,0.1888111888111888,1.0948864655158363
22,23,1.120333853067963,0.5717294640767611,0.30303030303030304,1.8755386028113303
22,24,1.1205868867491977,0.5717562254259502,0.19114219114219114,1.1336278329285325
22,25,1.1203852327447832,0.571736028259293,0.24242424242424243,1.4563820018365476
22,26,1.1205355096052452,0.5717294640767611,0.3356643356643357,2.0411756076091736
22,27,1.1203300481320193,0.5717226536914009,0.2773892773892774,1.668975934710201
22,28,1.1204880062376739,0.5716625716625716,0.25813953488372093,1.656619794483504
22,29,1.1204841371721987,0.5717829892805317,0.20279720279720279,1.2385935742579097
22,30,1.120792442447033,0.5717895327889947,0.23543123543123542,1.4527306415418297
22,31,1.1205868867491977,0.5717562254259502,0.20046620046620048,1.139300481957825
23,0,1.1208478619930262,0.5717627792724296,0.1794871794871795,0.9584603430757275
23,1,1.1206422018348623,0.5717160843415787,0.17715617715617715,1.0268907471704671
23,2,1.1209466587166903,0.5716893267498186,0.21445221445221446,1.2920055857118795
23,3,1.1204880062376739,0.571736028259293,0.2097902097902098,1.242701354589467
23,4,1.120792442447033,0.5718330961329099,0.25116279069767444,1.5555219037317476
23,5,1.1204841371721987,0.5717895327889947,0.1351981351981352,0.8022342847517675
23,6,1.1206936097986147,0.5717696070400449,0.337995337995338,2.0838943496286153
23,7,1.1203852327447832,0.5717562254259502,0.351981351981352,2.2141044658527176
23,8,1.1206936097986147,0.5716358190794861,0.29836829836829837,1.8736803212327695
23,9,1.1205394000550408,0.5717562254259502,0.20279720279720279,1.2385935742579102
23,10,1.1205394000550408,0.5717226536914009,0.2540792540792541,1.4622502594530562
23,11,1.1204366171344706,0.5717059924909232,0.27906976744186046,1.6663061114115747
23,12,1.120792442447033,0.571736028259293,0.19114219114219114,1.1336278329285325
23,13,1.1205868867491977,0.5717428444382036,0.3473193473193473,2.184730576338968
23,14,1.1206422018348623,0.5718029104861728,0.2937062937062937,1.8018485011491998
23,15,1.1204841371721987,0.571736028259293,0.289044289044289,1.771931254448737
23,16,1.1207450224791264,0.5717627792724296,0.3123543123543124,1.9070967882156693
23,17,1.1206936097986147,0.5717428444382036,0.24242424242424243,1.554284099738646
23,18,1.120792442447033,0.5717627792724296,0.21212121212121213,1.3419509783146142
23,19,1.1206422018348623,0.5717661931562372,0.22093023255813954,1.3442130881557601
23,20,1.1208438431552397,0.5717761557177615,0.23543123543123542,1.45273064154183
23,21,1.1205868867491977,0.5717761557177615,0.23076923076923078,1.3803119956966112
23,22,1.1205907985872208,0.5716424194227441,0.3006993006993007,1.8746148955939173
23,23,1.1203852327447832,0.5716424194227441,0.20512820512820512,1.174705636244098
23,24,1.1205394000550408,0.5716625716625716,0.26573426573426573,1.5937209643503345
23,25,1.1205355096052452,0.5717226536914009,0.14918414918414918,0.9101450220331336
23,26,1.1206382686047045,0.571675948893153,0.19347319347319347,1.1397243005634607
23,27,1.120432769449411,0.5716959064327486,0.16279069767441862,1.0153596538669545
23,28,1.1205907985872208,0.571736028259293,0.289044289044289,1.771931254448737
23,29,1.1205394000550408,0.5717895327889947,0.20279720279720279,1.2385935742579097
23,30,1.1205868867491977,0.571675948893153,0.16783216783216784,1.0207834123918043
23,31,1.1203814064362336,0.5716290492340077,0.3333333333333333,2.1103341103341116
24,0,1.1206896551724137,0.5716959064327486,0.24708624708624707,1.556664004216452
24,1,1.1205355096052452,0.571736028259293,0.26573426573426573,1.5937209643503345
24,2,1.1205907985872208,0.571675948893153,0.22144522144522144,1.2959503588874215
24,3,1.1205394000550408,0.5716658666696092,0.1813953488372093,1.1252352623039479
24,4,1.1206896551724137,0.5716625716625716,0.08624708624708624,0.4051488527013003
24,5,1.1206896551724137,0.5717294640767611,0.24475524475524477,1.4575773876473177
24,6,1.120792442447033,0.5717428444382036,0.2773892773892774,1.7668780326122988
24,7,1.1204366171344706,0.5717428444382036,0.14685314685314685,0.8385740133991884
24,8,1.1205394000550408,0.5716424194227441,0.2266355140186916,1.352841951262119
24,9,1.120432769449411,0.5716358190794861,0.26573426573426573,1.6636510342804045
24,10,1.1204880062376739,0.5717027052326126,0.24708624708624707,1.4867339342863817
24,11,1.1204880062376739,0.5717761557177615,0.27972027972027974,1.6700083133649568
24,12,1.1206896551724137,0.5717160843415787,0.15348837209302327,0.9113250405624658
24,13,1.1206422018348623,0.5716893267498186,0.24475524475524477,1.4575773876473175
24,14,1.1205868867491977,0.571675948893153,0.2913752913752914,1.772909297384822
24,15,1.1204366171344706,0.5717027052326126,0.2773892773892774,1.696947962682229
24,16,1.1207450224791264,0.5716691616766467,0.3916083916083916,2.3408153617943825
24,17,1.1205907985872208,0.5716424194227441,0.2097902097902098,1.242701354589467
24,18,1.1205868867491977,0.5715889424201319,0.26573426573426573,1.5937209643503345
24,19,1.120432769449411,0.5715488412338345,0.21395348837209302,1.2705029745808545
24,20,1.1205394000550408,0.5716023107327455,0.30303030303030304,1.950130677403405
24,21,1.1204841371721987,0.5716625716625716,0.2517482517482518,1.5869724680913495
24,22,1.1206422018348623,0.5715755747328048,0.24708624708624707,1.5566640042164517
24,23,1.1202311078503302,0.5716156796706895,0.1888111888111888,1.2300846007139712
24,24,1.1205355096052452,0.5716491950580307,0.26107226107226106,1.661445004102347
24,25,1.1203852327447832,0.5716893267498186,0.17715617715617715,1.0268907471704674
24,26,1.1204366171344706,0.5716358190794861,0.24242424242424243,1.4563820018365476
24,27,1.1202786945361203,0.5716458072403874,0.14883720930232558,0.9080800432666309
24,28,1.1204841371721987,0.5716290492340077,0.289044289044289,1.7719312544487371
24,29,1.120432769449411,0.5715956948993917,0.3543123543123543,2.1168869980058793
24,30,1.1206382686047045,0.5715823214243934,0.19347319347319347,1.1350622959014562
24,31,1.120432769449411,0.5716156796706895,0.23076923076923078,1.3803119956966114
25,0,1.1207450224791264,0.571736028259293,0.2773892773892774,1.6689759347102007
25,1,1.1206422018348623,0.5717226536914009,0.3123543123543124,1.9770268581457389
25,2,1.1206936097986147,0.5717027052326126,0.20279720279720279,1.2385935742579097
25,3,1.1204880062376739,0.5717027052326126,0.2627906976744186,1.658848025959979
25,4,1.1207964398770474,0.5717627792724296,0.24708624708624707,1.5566640042164517
25,5,1.1206382686047045,0.5716625716625716,0.18181818181818182,1.1277813095994917
25,6,1.1206936097986147,0.5717294640767611,0.1794871794871795,1.1262925109078952
25,7,1.1205355096052452,0.5717696070400449,0.23776223776223776,1.4539586287838036
25,8,1.120792442447033,0.5717963721474546,0.17715617715617715,1.054862775142495
25,9,1.120792442447033,0.5717963721474546,0.41025641025641024,2.4517362978901445
25,10,1.1207410464529737,0.5718029104861728,0.3076923076923077,1.8773534158149543
25,11,1.1204366171344706,0.5718231397607846,0.2534883720930233,1.491557598702001
25,12,1.1206936097986147,0.571869808362777,0.2773892773892774,1.5990458647801307
25,13,1.1204880062376739,0.571876682506613,0.3006993006993007,1.8046848256638475
25,14,1.1205907985872208,0.5717696070400449,0.23543123543123542,1.3128705016816902
25,15,1.1204366171344706,0.5717294640767611,0.32634032634032634,1.982080079982178
25,16,1.1206936097986147,0.5717627792724296,0.2634032634032634,1.564651354861145
25,17,1.1205868867491977,0.5717895327889947,0.21678321678321677,1.3446134285295124
25,18,1.1205394000550408,0.5717027052326126,0.2837209302325581,1.6962466197944834
25,19,1.1204366171344706,0.5717562254259502,0.2331002331002331,1.451491787156123
25,20,1.1207410464529737,0.5717895327889947,0.24708624708624707,1.458761906314354
25,21,1.1206896551724137,0.57182966775854,0.26107226107226106,1.493612836270179
25,22,1.1206936097986147,0.571736028259293,0.22144522144522144,1.3472324101694726
25,23,1.1203814064362336,0.5716825337419008,0.18414918414918416,1.1292592411473532
25,24,1.1205907985872208,0.571736028259293,0.2867132867132867,1.6730402464668201
25,25,1.1205907985872208,0.5717562254259502,0.24475524475524477,1.4669013969713272
25,26,1.1207964398770474,0.5717696070400449,0.14883720930232558,0.838312601406166
25,27,1.1205355096052452,0.5717494034529547,0.24708624708624707,1.458761906314354
25,28,1.1206382686047045,0.5717027052326126,0.24475524475524477,1.4855494156193456
25,29,1.1206382686047045,0.5717696070400449,0.21212121212121213,1.2999929363565725
25,30,1.1206936097986147,0.571736028259293,0.3706293706293706,2.3171793241723306
25,31,1.1205355096052452,0.5716959064327486,0.31002331002331,1.9761466195032629
26,0,1.1207964398770474,0.5716959064327486,0.32400932400932403,2.0791671421042053
26,1,1.1206936097986147,0.5716893267498186,0.27972027972027974,1.7679104112670547
26,2,1.1208438431552397,0.5717027052326126,0.2372093023255814,1.4507084910762578
26,3,1.1205907985872208,0.5716825337419008,0.24242424242424243,1.4563820018365474
26,4,1.1207410464529737,0.5716825337419008,0.1585081585081585,0.9166001054112938
26,5,1.1205394000550408,0.5716491950580307,0.2517482517482518,1.5356904168092982
26,6,1.1208438431552397,0.5716625716625716,0.3356643356643357,2.0831336495672157
26,7,1.1204880062376739,0.5716290492340077,0.25874125874125875,1.5624235903956183
26,8,1.1207450224791264,0.5716491950580307,0.25874125874125875,1.5624235903956183
26,9,1.1205868867491977,0.5716893267498186,0.2937062937062937,1.7365804358811345
26,10,1.1207410464529737,0.5717294640767611,0.3395348837209302,2.1079718766901028
26,11,1.1204841371721987,0.5716691616766467,0.21212121212121213,1.3419509783146149
26,12,1.120792442447033,0.5717428444382036,0.24708624708624707,1.556664004216452
26,13,1.1205907985872208,0.5717092797492339,0.32867132867132864,2.010856276590543
26,14,1.1206896551724137,0.5716557902369425,0.21678321678321677,1.3446134285295124
26,15,1.1205907985872208,0.5716959064327486,0.23543123543123542,1.4014485902597786
26,16,1.1208438431552397,0.5716156796706895,0.27972027972027974,1.7679104112670547
26,17,1.1205394000550408,0.5715689485751719,0.31934731934731936,2.00757439918279
26,18,1.120792442447033,0.5715020937141788,0.29534883720930233,1.7709085992428342
26,19,1.1205355096052452,0.5715020937141788,0.317016317016317,2.0766568319015875
26,20,1.1207450224791264,0.5715488412338345,0.21678321678321677,1.3912334751495592
26,21,1.1205907985872208,0.5715288337817288,0.2634032634032634,1.6625534527632428
26,22,1.1206382686047045,0.5716156796706895,0.24242424242424243,1.4563820018365476
26,23,1.120333853067963,0.5715689485751719,0.3356643356643357,2.1111056775392436
26,24,1.1207450224791264,0.5715823214243934,0.2867132867132867,1.7709423443689174
26,25,1.1206382686047045,0.5715889424201319,0.2627906976744186,1.6076852352623046
26,26,1.1205394000550408,0.5715488412338345,0.28205128205128205,1.6990018528480069
26,27,1.1205394000550408,0.5716156796706895,0.2097902097902098,1.242701354589467
26,28,1.1207450224791264,0.5716156796706895,0.28438228438228436,1.7699425671453637
26,29,1.1204366171344706,0.5715555763516833,0.1794871794871795,1.1262925109078954
26,30,1.1206422018348623,0.5715020937141788,0.3333333333333333,2.05905205905206
26,31,1.1204841371721987,0.5714753561486818,0.2331002331002331,1.353589689254025
27,0,1.1206936097986147,0.5715087456739314,0.28205128205128205,1.6990018528480069
27,1,1.1205868867491977,0.5715154634351752,0.2372093023255814,1.548382909680909
27,2,1.1206422018348623,0.5715488412338345,0.2564102564102564,1.4913633375171829
27,3,1.1205394000550408,0.5716625716625716,0.2331002331002331,1.4561537918181275
27,4,1.1208478619930262,0.5716625716625716,0.30536130536130535,1.8764514428850094
27,5,1.1205907985872208,0.5716156796706895,0.2680652680652681,1.6647377486538326
27,6,1.1206896551724137,0.5715823214243934,0.24475524475524477,1.5135214435913737
27,7,1.1204841371721987,0.5716825337419008,0.29603729603729606,1.8727348797278867
27,8,1.1206382686047045,0.5715555763516833,0.17482517482517482,1.0253802141914032
27,9,1.1204346932919407,0.5716023107327455,0.2116279069767442,1.3389345592212
27,10,1.1205355096052452,0.5716491950580307,0.30303030303030304,1.8755386028113301
27,11,1.120333853067963,0.5716491950580307,0.19114219114219114,1.1336278329285323
27,12,1.1204841371721987,0.5717761557177615,0.20046620046620048,1.2372025798599224
27,13,1.1203852327447832,0.5717562254259502,0.20745920745920746,1.33924505952478
27,14,1.1204366171344706,0.571675948893153,0.3543123543123543,2.1914790725979536
27,15,1.1204841371721987,0.5717696070400449,0.1585081585081585,0.9166001054112937
27,16,1.1206936097986147,0.5718097556408576,0.2261072261072261,1.3498079232344966
27,17,1.1205907985872208,0.5717562254259502,0.3023255813953488,1.8713899405083825
27,18,1.1206936097986147,0.571736028259293,0.2703962703962704,1.670475600545531
27,19,1.1204841371721987,0.5717027052326126,0.41025641025641024,2.493694339848186
27,20,1.1207410464529737,0.5717494034529547,0.3333333333333333,2.082362082362083
27,21,1.1204880062376739,0.5717829892805317,0.23543123543123542,1.38280057161176
27,22,1.1206422018348623,0.5718097556408576,0.23776223776223776,1.4539586287838038
27,23,1.120333853067963,0.5717895327889947,0.20512820512820512,1.1700436315820932
27,24,1.1206382686047045,0.5717963721474546,0.24186046511627907,1.4577825851811794
27,25,1.1203852327447832,0.5717696070400449,0.20279720279720279,1.2385935742579097
27,26,1.1205868867491977,0.571675948893153,0.23776223776223776,1.3840285588537335
27,27,1.1203852327447832,0.5715823214243934,0.16783216783216784,1.020783412391804
27,28,1.1204841371721987,0.5716625716625716,0.24242424242424243,1.4610440064985524
27,29,1.1204880062376739,0.571675948893153,0.24708624708624707,1.5566640042164521
27,30,1.1204841371721987,0.5716625716625716,0.2400932400932401,1.4551757488820427
27,31,1.1207410464529737,0.571736028259293,0.24475524475524477,1.4575773876473175
28,0,1.120998073571232,0.5718029104861728,0.32790697674418606,2.076197944835045
28,1,1.1206936097986147,0.5717627792724296,0.2097902097902098,1.2473633592514715
28,2,1.1209466587166903,0.5716557902369425,0.23076923076923078,1.4782140935987091
28,3,1.1206382686047045,0.5716557902369425,0.1888111888111888,1.1321825028118733
28,4,1.120792442447033,0.5717226536914009,0.17482517482517482,1.1232823120935007
28,5,1.1208438431552397,0.57181628880934,0.30536130536130535,1.8764514428850094
28,6,1.1208478619930262,0.5717895327889947,0.3776223776223776,2.318939801457284
28,7,1.1204841371721987,0.5718231397607846,0.32634032634032634,2.0846441825462807
28,8,1.1208992888277127,0.5718531687078006,0.26046511627906976,1.6577393185505682
28,9,1.1206896551724137,0.5717862610347633,0.1813953488372093,1.1298864250946459
28,10,1.120792442447033,0.5717963721474546,0.20279720279720279,1.16866350432784
28,11,1.1205907985872208,0.5717761557177615,0.289044289044289,1.771931254448737
28,12,1.1207410464529737,0.5718564275352146,0.23543123543123542,1.45273064154183
28,13,1.1205868867491977,0.5718564275352146,0.17249417249417248,0.9539287441385345
28,14,1.1206936097986147,0.5718097556408576,0.11421911421911422,0.6885856955787023
28,15,1.1205907985872208,0.57182966775854,0.22144522144522144,1.4451345080715703
28,16,1.1208438431552397,0.57182966775854,0.3543123543123543,2.144859025977907
28,17,1.1206896551724137,0.5717092797492339,0.17209302325581396,1.0215467820443485
28,18,1.1207964398770474,0.5716557902369425,0.2097902097902098,1.2473633592514715
28,19,1.120432769449411,0.5717027052326126,0.28438228438228436,1.7979145951173916
28,20,1.1208438431552397,0.5717494034529547,0.28438228438228436,1.7699425671453637
28,21,1.1206896551724137,0.5717494034529547,0.2867132867132867,1.770942344368918
28,22,1.1206936097986147,0.5716691616766467,0.22843822843822845,1.2531772811493094
28,23,1.1203300481320193,0.5717092797492339,0.15151515151515152,0.9117750935932752
28,24,1.1206382686047045,0.5716893267498186,0.17016317016317017,1.0223265468020712
28,25,1.1205355096052452,0.5718029104861728,0.2744186046511628,1.7619037317468902
28,26,1.1204841371721987,0.5717027052326126,0.16783216783216784,1.0207834123918043
28,27,1.120432769449411,0.5717627792724296,0.20279720279720279,1.1453534810178165
28,28,1.120792442447033,0.5717627792724296,0.372960372960373,2.317777017077716
28,29,1.1206382686047045,0.5718029104861728,0.2564102564102564,1.4633913095451547
28,30,1.1207964398770474,0.5717761557177615,0.34265734265734266,2.085383148320211
28,31,1.120333853067963,0.5716825337419008,0.2564102564102564,1.5612934074472529
29,0,1.121053597650514,0.5718831898165481,0.36046511627906974,2.281692806922661
29,1,1.1208952485782424,0.5718831898165481,0.28438228438228436,1.769942567145364
29,2,1.121053597650514,0.571869808362777,0.2191142191142191,1.2759982829912901
29,3,1.1206896551724137,0.5718365245072796,0.1958041958041958,1.2343879896327452
29,4,1.120998073571232,0.5718499098803866,0.14918414918414918,0.9101450220331339
29,5,1.1208438431552397,0.5718231397607846,0.2634032634032634,1.662553452763243
29,6,1.1208438431552397,0.5718097556408576,0.19813519813519814,1.2358007183182012
29,7,1.120432769449411,0.5718365245072796,0.24708624708624707,1.556664004216452
29,8,1.1206422018348623,0.5717562254259502,0.20465116279069767,1.1395132504056247
29,9,1.1203852327447832,0.5717562254259502,0.22144522144522144,1.347232410169473
29,10,1.120792442447033,0.5717562254259502,0.1864801864801865,1.1307263055514802
29,11,1.1206382686047045,0.5717494034529547,0.21678321678321677,1.3446134285295122
29,12,1.1210494931425163,0.5717294640767611,0.20279720279720279,1.16866350432784
29,13,1.1206936097986147,0.5716090690002106,0.372960372960373,2.1779168772175765
29,14,1.1208992888277127,0.5716156796706895,0.3076923076923077,1.923973462435001
29,15,1.1208478619930262,0.5716156796706895,0.1958041958041958,1.1644579197026752
29,16,1.1213066617728025,0.5717294640767611,0.28604651162790695,1.7670146024878308
29,17,1.1211050433665275,0.5717829892805317,0.2773892773892774,1.6689759347102004
29,18,1.1209507203817566,0.5717895327889947,0.337995337995338,2.0838943496286153
29,19,1.1207964398770474,0.5717829892805317,0.24475524475524477,1.5554794855494154
29,20,1.1210494931425163,0.5717895327889947,0.2400932400932401,1.4272037209100148
29,21,1.120998073571232,0.5717027052326126,0.317016317016317,1.9787547339994893
29,22,1.120998073571232,0.5717027052326126,0.22843822843822845,1.3510793790514068
29,23,1.1205868867491977,0.5715689485751719,0.23543123543123542,1.45273064154183
29,24,1.1208438431552397,0.5716358190794861,0.2744186046511628,1.664229313142239
29,25,1.1206936097986147,0.5716625716625716,0.22144522144522144,1.347232410169473
29,26,1.1209466587166903,0.5716557902369425,0.24708624708624707,1.463423910976359
29,27,1.1208438431552397,0.5716893267498186,0.18414918414918416,1.1292592411473534
29,28,1.1210494931425163,0.5718231397607846,0.20745920745920746,1.33924505952478
29,29,1.1208992888277127,0.57182966775854,0.21212121212121213,1.3419509783146146
29,30,1.120998073571232,0.5717895327889947,0.2564102564102564,1.4913633375171833
29,31,1.1210494931425163,0.5718564275352146,0.1813953488372093,1.1252352623039477
30,0,1.121413816846454,0.5719768775304828,0.31934731934731936,1.9796023712107622
30,1,1.1213066617728025,0.5719837980848025,0.2261072261072261,1.349807923234497
30,2,1.1212037801633177,0.571869808362777,0.20745920745920746,1.1714128916926123
30,3,1.1209507203817566,0.5718029104861728,0.21678321678321677,1.2467113306274147
30,4,1.1212552186080653,0.5718564275352146,0.15151515151515152,0.8138729956911774
30,5,1.121053597650514,0.571896571896572,0.3076923076923077,1.8773534158149543
30,6,1.1212079489650741,0.5719233379355533,0.29603729603729606,1.7748327818257885
30,7,1.1207964398770474,0.5719233379355533,0.25116279069767444,1.4578474851270966
30,8,1.12115234643791,0.5718831898165481,0.29836829836829837,1.873680321232769
30,9,1.1208992888277127,0.5719501064800729,0.1888111888111888,1.0622524328818035
30,10,1.1211009174311928,0.5720304271503803,0.31934731934731936,1.909672301280692
30,11,1.1208992888277127,0.5719704064431542,0.22144522144522144,1.249330312267375
30,12,1.1212552186080653,0.5719704064431542,0.23776223776223776,1.3560565308817056
30,13,1.1211050433665275,0.5720036510871346,0.22144522144522144,1.347232410169473
30,14,1.1212552186080653,0.5719634916920197,0.37995337995337997,2.3894349628615354
30,15,1.1210494931425163,0.5718933208281961,0.20930232558139536,1.2399134667387774
30,16,1.121362342788947,0.5719436250409702,0.22843822843822845,1.3510793790514068
30,17,1.1211564938044976,0.5718564275352146,0.26107226107226106,1.5635429062002486
30,18,1.1213066617728025,0.5718097556408576,0.22144522144522144,1.3472324101694728
30,19,1.12115234643791,0.571896571896572,0.317016317016317,1.9787547339994898
30,20,1.121362342788947,0.5719971903535471,0.08857808857808858,0.3744383045082347
30,21,1.121362342788947,0.57205076570037,0.21445221445221446,1.245385539091833
30,22,1.1214610195934474,0.5719971903535471,0.21678321678321677,1.246711330627415
30,23,1.1208478619930262,0.571869808362777,0.18372093023255814,1.0569442942130884
30,24,1.1212079489650741,0.5718365245072796,0.13986013986013987,0.7123738732130339
30,25,1.12115234643791,0.5718097556408576,0.43356643356643354,2.623208958873294
30,26,1.12115234643791,0.5719233379355533,0.2773892773892774,1.5570878228220886
30,27,1.1210494931425163,0.5719436250409702,0.2564102564102564,1.4214332675871133
30,28,1.1213108734566486,0.5720304271503803,0.17249417249417248,1.023858814068605
30,29,1.1211050433665275,0.5720036510871346,0.26107226107226106,1.5635429062002486
30,30,1.1212037801633177,0.571876682506613,0.2331002331002331,1.353589689254025
30,31,1.1210021566558068,0.5719302352803465,0.23953488372093024,1.312390481341266
31,0,1.1214652956298201,0.572043816122086,0.20745920745920746,1.2413429616226823
31,1,1.1212552186080653,0.5719837980848025,0.24242424242424243,1.4843540298085753
31,2,1.1215124816446402,0.5720036510871346,0.2261072261072261,1.1819757554023291
31,3,1.1213066617728025,0.5720775571375046,0.30303030303030304,1.7776365049092324
31,4,1.1212594088489076,0.5719837980848025,0.23076923076923078,1.352339967724583
31,5,1.1211009174311928,0.571957015428558,0.2540792540792541,1.5601523573551541
31,6,1.12115234643791,0.5719704064431542,0.2534883720930233,1.5566738777717688
31,7,1.1208992888277127,0.5720105832494322,0.2913752913752914,1.8708113952869194
31,8,1.1212552186080653,0.571957015428558,0.2564102564102564,1.561293407447253
31,9,1.1211009174311928,0.5719367218945989,0.1864801864801865,1.0328242076493825
31,10,1.1212079489650741,0.5719634916920197,0.18181818181818182,1.0298792116973936
31,11,1.1209466587166903,0.5719501064800729,0.1864801864801865,1.0328242076493828
31,12,1.1211050433665275,0.5719704064431542,0.17482517482517482,1.0300422188534075
31,13,1.1209507203817566,0.5719634916920197,0.24708624708624707,1.3608598084122563
31,14,1.12115234643791,0.5719099546028923,0.14418604651162792,0.8071173607355331
31,15,1.120998073571232,0.571916846146643,0.1888111888111888,1.1321825028118733
31,16,1.1215124816446402,0.571916846146643,0.14219114219114218,0.7373574366581359
31,17,1.1213581096581784,0.5719099546028923,0.40093240093240096,2.394031764661135
31,18,1.1212552186080653,0.571736028259293,0.30536130536130535,1.8764514428850099
31,19,1.1211564938044976,0.5716959064327486,0.3006993006993007,1.7767127976918193
31,20,1.1213108734566486,0.5717226536914009,0.2191142191142191,1.2480262550192622
31,21,1.121362342788947,0.5717627792724296,0.2564102564102564,1.5659554121092576
31,22,1.121362342788947,0.5716959064327486,0.23255813953488372,1.350567874526771
31,23,1.1208952485782424,0.5716224437268941,0.29603729603729606,1.8727348797278864
31,24,1.121053597650514,0.5716023107327455,0.2564102564102564,1.4960253421791878
31,25,1.1209507203817566,0.5716358190794861,0.2191142191142191,1.3459283529213601
31,26,1.1210021566558068,0.5715956948993917,0.22843822843822845,1.3510793790514073
31,27,1.1208478619930262,0.5716156796706895,0.30303030303030304,1.8755386028113303
31,28,1.1210021566558068,0.5715823214243934,0.331002331002331,2.0116495780831434
31,29,1.1209507203817566,0.5716290492340077,0.20279720279720279,1.2385935742579102
31,30,1.1211050433665275,0.5716691616766467,0.25116279069767444,1.4578474851270962
31,31,1.1207964398770474,0.5715555763516833,0.40326340326340326,2.3525301427399343
